label,Nosex,Nosey,Neckx,Necky,R-Shox,R-Shoy,R-Elbx,R-Elby,R-Wrx,R-Wry,L-Shox,L-Shoy,L-Elbx,L-Elby,L-Wrx,L-Wry,R-Hipx,R-Hipy,R-Kneex,R-Kneey,R-Ankx,R-Anky,L-Hipx,L-Hipy,L-Kneex,L-Kneey,L-Ankx,L-Anky,R-Eyex,R-Eyey,L-Eyex,L-Eyey,R-Earx,R-Eary,L-Earx,L-Eary
mountain,0.21739130434782608,0.01932367149758454,0.2318840579710145,0.15942028985507245,0.13043478260869565,0.15942028985507245,0.07729468599033816,0.33816425120772947,0.0,0.4927536231884058,0.32367149758454106,0.17391304347826086,0.3961352657004831,0.34299516908212563,0.45410628019323673,0.4927536231884058,0.15942028985507245,0.4492753623188406,0.18357487922705315,0.7391304347826086,0.20772946859903382,0.9806763285024155,0.2898550724637681,0.45410628019323673,0.27053140096618356,0.7391304347826086,0.26570048309178745,1.0,0.1932367149758454,0.014492753623188406,0.24154589371980675,0.0,0.18357487922705315,0.03864734299516908,0.27053140096618356,0.024154589371980676
mountain,0.18579234972677597,0.01092896174863388,0.16393442622950818,0.15300546448087432,0.07103825136612021,0.15300546448087432,0.03825136612021858,0.32786885245901637,0.0,0.47540983606557374,0.273224043715847,0.15300546448087432,0.30601092896174864,0.32786885245901637,0.3551912568306011,0.4808743169398907,0.09836065573770492,0.47540983606557374,0.13114754098360656,0.7650273224043715,0.15300546448087432,0.9836065573770492,0.2459016393442623,0.47540983606557374,0.2185792349726776,0.7431693989071039,0.21311475409836064,1.0,0.15846994535519127,0.0,0.20765027322404372,0.0,0.12568306010928962,0.00546448087431694,0.24043715846994534,0.00546448087431694
mountain,0.19907407407407407,0.023148148148148147,0.19907407407407407,0.17592592592592593,0.09722222222222222,0.17592592592592593,0.06944444444444445,0.3611111111111111,0.0,0.49537037037037035,0.28703703703703703,0.1574074074074074,0.3287037037037037,0.33796296296296297,0.37962962962962965,0.49537037037037035,0.125,0.49537037037037035,0.12962962962962962,0.7546296296296297,0.14814814814814814,0.9953703703703703,0.25462962962962965,0.49537037037037035,0.25462962962962965,0.7546296296296297,0.23148148148148148,1.0,0.17592592592592593,0.0,0.2222222222222222,0.0,0.14351851851851852,0.023148148148148147,0.25462962962962965,0.023148148148148147
mountain,0.13692946058091288,0.02074688796680498,0.14107883817427386,0.16182572614107885,0.05394190871369295,0.17842323651452283,0.029045643153526972,0.34439834024896265,0.0,0.4854771784232365,0.24481327800829875,0.16182572614107885,0.2987551867219917,0.3236514522821577,0.35269709543568467,0.47717842323651455,0.08713692946058091,0.48132780082987553,0.1078838174273859,0.7510373443983402,0.13278008298755187,0.995850622406639,0.24066390041493776,0.48132780082987553,0.26556016597510373,0.7510373443983402,0.2697095435684647,1.0,0.13278008298755187,0.0,0.16182572614107885,0.0,0.1078838174273859,0.024896265560165973,0.1908713692946058,0.029045643153526972
mountain,0.17318435754189945,0.0111731843575419,0.19553072625698323,0.1564245810055866,0.08379888268156424,0.1564245810055866,0.05027932960893855,0.33519553072625696,0.0,0.5083798882681564,0.29608938547486036,0.1564245810055866,0.329608938547486,0.33519553072625696,0.37988826815642457,0.49162011173184356,0.11173184357541899,0.4860335195530726,0.13966480446927373,0.7597765363128491,0.1452513966480447,1.0,0.26256983240223464,0.49162011173184356,0.2346368715083799,0.7597765363128491,0.20670391061452514,1.0,0.16759776536312848,0.00558659217877095,0.2011173184357542,0.0,0.11731843575418995,0.00558659217877095,0.2346368715083799,0.00558659217877095
mountain,0.18604651162790697,0.023255813953488372,0.19069767441860466,0.17674418604651163,0.10232558139534884,0.17674418604651163,0.06976744186046512,0.3581395348837209,0.0,0.5023255813953489,0.28837209302325584,0.15813953488372093,0.31627906976744186,0.3581395348837209,0.386046511627907,0.49767441860465117,0.13023255813953488,0.49767441860465117,0.13023255813953488,0.7581395348837209,0.15348837209302327,1.0,0.26046511627906976,0.49767441860465117,0.26046511627906976,0.7581395348837209,0.2372093023255814,1.0,0.16279069767441862,0.0,0.20930232558139536,0.0,0.13488372093023257,0.023255813953488372,0.24186046511627907,0.023255813953488372
mountain,0.17429837518463812,0.023633677991137372,0.17429837518463812,0.15066469719350073,0.07385524372230429,0.14918759231905465,0.025110782865583457,0.3249630723781389,0.0,0.4756277695716396,0.27474150664697194,0.15066469719350073,0.32348596750369274,0.32348596750369274,0.37370753323485967,0.4756277695716396,0.10044313146233383,0.4519940915805022,0.1240768094534712,0.725258493353028,0.14771048744460857,1.0,0.24963072378138848,0.4505169867060561,0.2481536189069424,0.725258493353028,0.22304283604135894,1.0,0.15066469719350073,0.0,0.19940915805022155,0.0,0.1240768094534712,0.0029542097488921715,0.22451994091580502,0.0029542097488921715
mountain,0.18604651162790697,0.023255813953488372,0.18992248062015504,0.1821705426356589,0.08139534883720931,0.17829457364341086,0.031007751937984496,0.34108527131782945,0.0,0.5,0.29457364341085274,0.1821705426356589,0.3449612403100775,0.34108527131782945,0.37209302325581395,0.5,0.10852713178294573,0.5,0.13565891472868216,0.7635658914728682,0.15891472868217055,1.0,0.26356589147286824,0.5,0.24031007751937986,0.7635658914728682,0.21705426356589147,1.0,0.16279069767441862,0.0,0.2131782945736434,0.0,0.13565891472868216,0.023255813953488372,0.24031007751937986,0.023255813953488372
mountain,0.10526315789473684,0.03007518796992481,0.13157894736842105,0.15789473684210525,0.03759398496240601,0.15789473684210525,0.007518796992481203,0.34962406015037595,0.0,0.5112781954887218,0.22556390977443608,0.15789473684210525,0.23308270676691728,0.34962406015037595,0.2593984962406015,0.5112781954887218,0.06766917293233082,0.45112781954887216,0.07142857142857142,0.7406015037593985,0.10150375939849623,1.0,0.16917293233082706,0.45112781954887216,0.16541353383458646,0.7406015037593985,0.13533834586466165,1.0,0.10150375939849623,0.0,0.13533834586466165,0.0,0.07142857142857142,0.03007518796992481,0.16917293233082706,0.03007518796992481
mountain,0.13900414937759337,0.024896265560165973,0.13900414937759337,0.16182572614107885,0.03112033195020747,0.16182572614107885,0.029045643153526972,0.3236514522821577,0.0,0.4854771784232365,0.24481327800829875,0.16182572614107885,0.24688796680497926,0.3257261410788382,0.27385892116182575,0.487551867219917,0.06016597510373444,0.483402489626556,0.08298755186721991,0.7323651452282157,0.08298755186721991,1.0,0.19294605809128632,0.4854771784232365,0.1908713692946058,0.7323651452282157,0.16597510373443983,1.0,0.11410788381742738,0.0,0.16597510373443983,0.0,0.08506224066390042,0.024896265560165973,0.19294605809128632,0.024896265560165973
mountain,0.2157676348547718,0.02074688796680498,0.21161825726141079,0.16182572614107885,0.1078838174273859,0.16182572614107885,0.058091286307053944,0.3236514522821577,0.0,0.4605809128630705,0.2987551867219917,0.1825726141078838,0.3236514522821577,0.34439834024896265,0.35269709543568467,0.4854771784232365,0.11203319502074689,0.48132780082987553,0.1037344398340249,0.7510373443983402,0.08298755186721991,1.0,0.24896265560165975,0.48132780082987553,0.24481327800829875,0.7510373443983402,0.2157676348547718,0.991701244813278,0.1908713692946058,0.0,0.24066390041493776,0.0,0.16182572614107885,0.029045643153526972,0.24896265560165975,0.029045643153526972
mountain,0.1522633744855967,0.00411522633744856,0.1522633744855967,0.13991769547325103,0.04526748971193416,0.13991769547325103,0.0205761316872428,0.32510288065843623,0.0,0.48559670781893005,0.23868312757201646,0.15637860082304528,0.2674897119341564,0.32510288065843623,0.2674897119341564,0.4897119341563786,0.07407407407407407,0.48148148148148145,0.07818930041152264,0.7325102880658436,0.102880658436214,1.0,0.205761316872428,0.48559670781893005,0.18518518518518517,0.7489711934156379,0.15637860082304528,0.9958847736625515,0.12757201646090535,0.0,0.15637860082304528,0.0,0.07818930041152264,0.00411522633744856,0.18518518518518517,0.00411522633744856
mountain,0.13168724279835392,0.00411522633744856,0.13168724279835392,0.1440329218106996,0.024691358024691357,0.13991769547325103,0.0,0.32510288065843623,0.0,0.48559670781893005,0.21810699588477367,0.16049382716049382,0.24691358024691357,0.32510288065843623,0.26337448559670784,0.48559670781893005,0.05761316872427984,0.46502057613168724,0.0823045267489712,0.7325102880658436,0.08641975308641975,0.9958847736625515,0.18930041152263374,0.48148148148148145,0.18930041152263374,0.7489711934156379,0.16049382716049382,1.0,0.10699588477366255,0.0,0.13991769547325103,0.0,0.07818930041152264,0.00411522633744856,0.18518518518518517,0.00411522633744856
mountain,0.26422764227642276,0.026422764227642278,0.26422764227642276,0.15853658536585366,0.15853658536585366,0.15853658536585366,0.07926829268292683,0.31910569105691056,0.0,0.4715447154471545,0.3678861788617886,0.15853658536585366,0.44715447154471544,0.3394308943089431,0.5528455284552846,0.4735772357723577,0.18495934959349594,0.4735772357723577,0.21138211382113822,0.7378048780487805,0.23577235772357724,0.9979674796747967,0.3170731707317073,0.4735772357723577,0.2926829268292683,0.7398373983739838,0.29065040650406504,1.0,0.23780487804878048,0.0,0.29065040650406504,0.0,0.21138211382113822,0.026422764227642278,0.3170731707317073,0.024390243902439025
mountain,0.13485477178423236,0.024896265560165973,0.13485477178423236,0.16182572614107885,0.029045643153526972,0.16390041493775934,0.026970954356846474,0.3257261410788382,0.0,0.487551867219917,0.24273858921161826,0.16182572614107885,0.24688796680497926,0.3236514522821577,0.27385892116182575,0.4854771784232365,0.08091286307053942,0.4854771784232365,0.10580912863070539,0.7323651452282157,0.1078838174273859,1.0,0.2157676348547718,0.483402489626556,0.1908713692946058,0.7323651452282157,0.1908713692946058,1.0,0.1078838174273859,0.0,0.16182572614107885,0.0,0.08091286307053942,0.026970954356846474,0.1887966804979253,0.026970954356846474
mountain,0.18455497382198952,0.024869109947643978,0.18586387434554974,0.18324607329842932,0.07984293193717278,0.18324607329842932,0.05366492146596859,0.36649214659685864,0.0,0.524869109947644,0.2918848167539267,0.18324607329842932,0.34293193717277487,0.34293193717277487,0.4201570680628272,0.5,0.13350785340314136,0.5261780104712042,0.15837696335078533,0.7630890052356021,0.18324607329842932,0.975130890052356,0.2643979057591623,0.5261780104712042,0.2643979057591623,0.7617801047120419,0.2395287958115183,1.0,0.15968586387434555,0.0,0.2107329842931937,0.0,0.13219895287958114,0.02617801047120419,0.23821989528795812,0.024869109947643978
mountain,0.16722408026755853,0.026755852842809364,0.16722408026755853,0.13712374581939799,0.06020066889632107,0.15719063545150502,0.05351170568561873,0.32441471571906355,0.0,0.46488294314381273,0.27424749163879597,0.13712374581939799,0.3010033444816054,0.3210702341137124,0.38127090301003347,0.48494983277591974,0.11036789297658862,0.48494983277591974,0.13712374581939799,0.7324414715719063,0.16387959866220736,1.0,0.24749163879598662,0.46488294314381273,0.24749163879598662,0.7324414715719063,0.24414715719063546,0.9765886287625418,0.14046822742474915,0.0,0.1939799331103679,0.0,0.11036789297658862,0.0033444816053511705,0.24414715719063546,0.0
mountain,0.19822485207100593,0.023668639053254437,0.19822485207100593,0.14940828402366865,0.09911242603550297,0.14940828402366865,0.04881656804733728,0.3254437869822485,0.0,0.47633136094674555,0.2988165680473373,0.14940828402366865,0.34911242603550297,0.30177514792899407,0.3727810650887574,0.47633136094674555,0.1227810650887574,0.4511834319526627,0.14792899408284024,0.7263313609467456,0.14940828402366865,1.0,0.2514792899408284,0.4526627218934911,0.2485207100591716,0.7263313609467456,0.22485207100591717,1.0,0.17307692307692307,0.0,0.22189349112426035,0.0,0.14792899408284024,0.0014792899408284023,0.2485207100591716,0.0014792899408284023
mountain,0.15447154471544716,0.005420054200542005,0.15718157181571815,0.13550135501355012,0.051490514905149054,0.13550135501355012,0.02710027100271003,0.3170731707317073,0.0,0.4715447154471545,0.26287262872628725,0.13550135501355012,0.26558265582655827,0.3170731707317073,0.2872628726287263,0.4742547425474255,0.07859078590785908,0.44715447154471544,0.10569105691056911,0.7371273712737128,0.10840108401084012,1.0,0.21138211382113822,0.44715447154471544,0.18699186991869918,0.7371273712737128,0.1842818428184282,1.0,0.13008130081300814,0.0,0.17886178861788618,0.0,0.10298102981029811,0.0027100271002710027,0.2086720867208672,0.0027100271002710027
mountain,0.22760290556900725,0.026634382566585957,0.2033898305084746,0.2033898305084746,0.1016949152542373,0.18159806295399517,0.048426150121065374,0.38256658595641646,0.0,0.5351089588377724,0.3268765133171913,0.2033898305084746,0.3559322033898305,0.3583535108958838,0.4092009685230024,0.513317191283293,0.12590799031476999,0.5617433414043583,0.12590799031476999,0.7941888619854721,0.12590799031476999,1.0,0.28087167070217917,0.5617433414043583,0.3050847457627119,0.7941888619854721,0.28087167070217917,1.0,0.2033898305084746,0.0,0.2542372881355932,0.002421307506053269,0.15254237288135594,0.026634382566585957,0.2784503631961259,0.029055690072639227
mountain,0.24187725631768953,0.032490974729241874,0.24548736462093862,0.11913357400722022,0.1263537906137184,0.09747292418772563,0.061371841155234655,0.2743682310469314,0.0,0.4259927797833935,0.36462093862815886,0.12274368231046931,0.4187725631768953,0.2996389891696751,0.48375451263537905,0.45126353790613716,0.15162454873646208,0.4259927797833935,0.12274368231046931,0.7292418772563177,0.09025270758122744,1.0,0.30324909747292417,0.4296028880866426,0.30324909747292417,0.7545126353790613,0.2743682310469314,1.0,0.21660649819494585,0.0,0.27075812274368233,0.0,0.20938628158844766,0.0,0.30324909747292417,0.0
mountain,0.13243243243243244,0.005405405405405406,0.12972972972972974,0.13513513513513514,0.024324324324324326,0.13513513513513514,0.021621621621621623,0.3162162162162162,0.0,0.4756756756756757,0.23513513513513515,0.13513513513513514,0.2594594594594595,0.3162162162162162,0.2864864864864865,0.4702702702702703,0.07567567567567568,0.44594594594594594,0.10270270270270271,0.7351351351351352,0.10270270270270271,0.9972972972972973,0.20540540540540542,0.4486486486486487,0.1810810810810811,0.7351351351351352,0.1810810810810811,1.0,0.10810810810810811,0.0,0.15675675675675677,0.0,0.07837837837837838,0.002702702702702703,0.1837837837837838,0.002702702702702703
mountain,0.21038062283737025,0.025951557093425604,0.21038062283737025,0.18442906574394463,0.10519031141868512,0.18442906574394463,0.052941176470588235,0.3681660899653979,0.0,0.5,0.31591695501730105,0.18442906574394463,0.3681660899653979,0.34221453287197234,0.42110726643598617,0.47439446366782007,0.13183391003460207,0.5006920415224914,0.15778546712802768,0.7629757785467128,0.18408304498269895,1.0,0.26332179930795846,0.5003460207612457,0.2629757785467128,0.7633217993079585,0.2366782006920415,1.0,0.18408304498269895,0.0,0.2366782006920415,0.0,0.15778546712802768,0.02629757785467128,0.2629757785467128,0.026643598615916954
mountain,0.20930232558139536,0.026578073089700997,0.20930232558139536,0.14285714285714285,0.10299003322259136,0.13953488372093023,0.07641196013289037,0.32558139534883723,0.0,0.46179401993355484,0.31561461794019935,0.15946843853820597,0.3222591362126246,0.32558139534883723,0.3754152823920266,0.46511627906976744,0.132890365448505,0.4883720930232558,0.15614617940199335,0.7342192691029901,0.15946843853820597,1.0,0.26578073089701,0.4883720930232558,0.26245847176079734,0.7342192691029901,0.23920265780730898,1.0,0.18604651162790697,0.0,0.23588039867109634,0.0033222591362126247,0.1362126245847176,0.0033222591362126247,0.26578073089701,0.006644518272425249
mountain,0.17563739376770537,0.0226628895184136,0.17563739376770537,0.1671388101983003,0.09348441926345609,0.1671388101983003,0.05099150141643059,0.3371104815864023,0.0,0.5070821529745042,0.2719546742209632,0.1671388101983003,0.31444759206798867,0.33994334277620397,0.3654390934844193,0.48725212464589235,0.12181303116147309,0.48441926345609065,0.12464589235127478,0.7535410764872521,0.14730878186968838,1.0,0.24645892351274787,0.48441926345609065,0.24362606232294617,0.7337110481586402,0.22096317280453256,1.0,0.16997167138810199,0.0,0.19830028328611898,0.0,0.12464589235127478,0.019830028328611898,0.24079320113314448,0.0226628895184136
mountain,0.1425,0.028125,0.1425,0.143125,0.02875,0.143125,0.0275,0.314375,0.0,0.485625,0.22875,0.170625,0.256875,0.31375,0.31375,0.513125,0.085,0.456875,0.11375,0.741875,0.114375,1.0,0.2,0.4575,0.17125,0.7425,0.170625,1.0,0.114375,0.0,0.17125,0.0,0.085625,0.028125,0.199375,0.028125
mountain,0.1773049645390071,0.014184397163120567,0.1773049645390071,0.16312056737588654,0.09219858156028368,0.16312056737588654,0.04964539007092199,0.3191489361702128,0.0,0.44680851063829785,0.2695035460992908,0.16312056737588654,0.2978723404255319,0.3191489361702128,0.3404255319148936,0.46099290780141844,0.09929078014184398,0.46099290780141844,0.12056737588652482,0.7092198581560284,0.12056737588652482,0.9574468085106383,0.22695035460992907,0.46808510638297873,0.22695035460992907,0.7163120567375887,0.20567375886524822,1.0,0.15602836879432624,0.0,0.19858156028368795,0.0,0.1276595744680851,0.014184397163120567,0.22695035460992907,0.0070921985815602835
mountain,0.2886178861788618,0.026422764227642278,0.2886178861788618,0.15853658536585366,0.18699186991869918,0.15853658536585366,0.10569105691056911,0.3394308943089431,0.0,0.4735772357723577,0.3943089430894309,0.15853658536585366,0.4735772357723577,0.34146341463414637,0.5548780487804879,0.4715447154471545,0.23577235772357724,0.4735772357723577,0.2601626016260163,0.7378048780487805,0.2865853658536585,1.0,0.3678861788617886,0.4735772357723577,0.34146341463414637,0.7378048780487805,0.3150406504065041,1.0,0.2621951219512195,0.0,0.3150406504065041,0.0,0.23577235772357724,0.024390243902439025,0.34146341463414637,0.024390243902439025
mountain,0.23741007194244604,0.02877697841726619,0.23381294964028776,0.11870503597122302,0.11510791366906475,0.1223021582733813,0.05755395683453238,0.29856115107913667,0.0,0.42805755395683454,0.35611510791366907,0.09712230215827339,0.4172661870503597,0.2733812949640288,0.48201438848920863,0.4244604316546763,0.17625899280575538,0.4244604316546763,0.17625899280575538,0.7302158273381295,0.20503597122302158,1.0,0.3273381294964029,0.420863309352518,0.35611510791366907,0.7266187050359713,0.38848920863309355,0.9712230215827338,0.20863309352517986,0.0,0.26618705035971224,0.0,0.17625899280575538,0.0035971223021582736,0.29136690647482016,0.0
mountain,0.15384615384615385,0.027972027972027972,0.16083916083916083,0.17482517482517482,0.06993006993006994,0.17482517482517482,0.03496503496503497,0.3356643356643357,0.0,0.4755244755244755,0.25874125874125875,0.17482517482517482,0.2867132867132867,0.32167832167832167,0.3356643356643357,0.46153846153846156,0.1048951048951049,0.46853146853146854,0.1048951048951049,0.7202797202797203,0.11888111888111888,1.0,0.22377622377622378,0.46853146853146854,0.21678321678321677,0.7202797202797203,0.20279720279720279,0.986013986013986,0.13286713286713286,0.013986013986013986,0.17482517482517482,0.0,0.1048951048951049,0.027972027972027972,0.20279720279720279,0.02097902097902098
mountain,0.21661931818181818,0.026278409090909092,0.21661931818181818,0.18892045454545456,0.10830965909090909,0.18892045454545456,0.08096590909090909,0.3508522727272727,0.0,0.4865056818181818,0.32457386363636365,0.18892045454545456,0.3781960227272727,0.35120738636363635,0.4325284090909091,0.5131392045454546,0.16228693181818182,0.5131392045454546,0.16264204545454544,0.7571022727272727,0.18927556818181818,1.0,0.29723011363636365,0.5131392045454546,0.2705965909090909,0.7830255681818182,0.24360795454545456,0.9996448863636364,0.2159090909090909,0.0,0.2432528409090909,0.0,0.1885653409090909,0.026988636363636364,0.2705965909090909,0.026988636363636364
mountain,0.18611111111111112,0.022222222222222223,0.18611111111111112,0.1638888888888889,0.08888888888888889,0.1638888888888889,0.04722222222222222,0.3333333333333333,0.0,0.4777777777777778,0.28055555555555556,0.1638888888888889,0.3055555555555556,0.33055555555555555,0.35555555555555557,0.49722222222222223,0.11388888888888889,0.475,0.11666666666666667,0.7361111111111112,0.1388888888888889,0.9833333333333333,0.2361111111111111,0.4777777777777778,0.2361111111111111,0.7388888888888889,0.2111111111111111,1.0,0.16111111111111112,0.0,0.20833333333333334,0.0,0.1361111111111111,0.019444444444444445,0.23333333333333334,0.019444444444444445
mountain,0.1323943661971831,0.02535211267605634,0.15492957746478872,0.15774647887323945,0.05352112676056338,0.15774647887323945,0.022535211267605635,0.3126760563380282,0.0,0.4450704225352113,0.23661971830985915,0.15774647887323945,0.28732394366197184,0.3408450704225352,0.3183098591549296,0.5211267605633803,0.05352112676056338,0.4732394366197183,0.07887323943661972,0.7605633802816901,0.07887323943661972,1.0,0.18591549295774648,0.4732394366197183,0.18591549295774648,0.7605633802816901,0.18591549295774648,1.0,0.10704225352112676,0.0,0.15774647887323945,0.0,0.08169014084507042,0.02535211267605634,0.18591549295774648,0.02535211267605634
mountain,0.15849056603773584,0.03018867924528302,0.1320754716981132,0.15849056603773584,0.03773584905660377,0.15849056603773584,0.033962264150943396,0.35094339622641507,0.0,0.5132075471698113,0.22641509433962265,0.15849056603773584,0.25660377358490566,0.35094339622641507,0.28679245283018867,0.5132075471698113,0.09433962264150944,0.47547169811320755,0.09811320754716982,0.7433962264150943,0.12830188679245283,1.0,0.19622641509433963,0.4528301886792453,0.19245283018867926,0.7433962264150943,0.16226415094339622,1.0,0.12830188679245283,0.0,0.16226415094339622,0.0,0.09433962264150944,0.03018867924528302,0.19245283018867926,0.03018867924528302
mountain,0.1524822695035461,0.0070921985815602835,0.1524822695035461,0.1524822695035461,0.06028368794326241,0.1524822695035461,0.031914893617021274,0.3333333333333333,0.0,0.5141843971631206,0.2695035460992908,0.1524822695035461,0.30141843971631205,0.3333333333333333,0.3333333333333333,0.48936170212765956,0.09219858156028368,0.4858156028368794,0.09219858156028368,0.75177304964539,0.09574468085106383,0.9964539007092199,0.24113475177304963,0.48226950354609927,0.24113475177304963,0.7304964539007093,0.24113475177304963,1.0,0.14893617021276595,0.0,0.18085106382978725,0.0,0.11702127659574468,0.0035460992907801418,0.2127659574468085,0.028368794326241134
mountain,0.16819571865443425,0.0030581039755351682,0.16819571865443425,0.14678899082568808,0.0581039755351682,0.14678899082568808,0.03058103975535168,0.3394495412844037,0.0,0.48623853211009177,0.25688073394495414,0.14678899082568808,0.28134556574923547,0.3180428134556575,0.3180428134556575,0.48623853211009177,0.08868501529051988,0.48623853211009177,0.0856269113149847,0.7431192660550459,0.0856269113149847,0.9969418960244648,0.22324159021406728,0.4892966360856269,0.19877675840978593,0.7431192660550459,0.1743119266055046,1.0,0.1437308868501529,0.0,0.1743119266055046,0.0,0.11314984709480122,0.0030581039755351682,0.2018348623853211,0.0030581039755351682
mountain,0.17925925925925926,0.025185185185185185,0.17925925925925926,0.15407407407407409,0.07703703703703704,0.15555555555555556,0.05185185185185185,0.33185185185185184,0.0,0.5111111111111111,0.2814814814814815,0.15407407407407409,0.30814814814814817,0.3333333333333333,0.3585185185185185,0.4874074074074074,0.1037037037037037,0.48592592592592593,0.1274074074074074,0.7437037037037038,0.15407407407407409,1.0,0.2548148148148148,0.48592592592592593,0.2325925925925926,0.7437037037037038,0.20592592592592593,0.9985185185185185,0.15407407407407409,0.0,0.20444444444444446,0.0,0.1274074074074074,0.023703703703703703,0.2311111111111111,0.023703703703703703
mountain,0.19423076923076923,0.0038461538461538464,0.19423076923076923,0.16538461538461538,0.08269230769230769,0.16538461538461538,0.057692307692307696,0.33653846153846156,0.0,0.525,0.3057692307692308,0.1673076923076923,0.3326923076923077,0.3596153846153846,0.38846153846153847,0.5288461538461539,0.13653846153846153,0.5,0.13846153846153847,0.775,0.16538461538461538,1.0,0.27692307692307694,0.5019230769230769,0.25,0.7769230769230769,0.22115384615384615,1.0,0.1673076923076923,0.0019230769230769232,0.22115384615384615,0.0,0.13846153846153847,0.0038461538461538464,0.25,0.0038461538461538464
mountain,0.21122112211221122,0.026402640264026403,0.2145214521452145,0.1848184818481848,0.10561056105610561,0.1848184818481848,0.052805280528052806,0.37623762376237624,0.0,0.5148514851485149,0.30033003300330036,0.16501650165016502,0.35313531353135313,0.34983498349834985,0.40594059405940597,0.5115511551155115,0.1353135313531353,0.5115511551155115,0.1617161716171617,0.759075907590759,0.18811881188118812,0.9966996699669967,0.2739273927392739,0.5115511551155115,0.26732673267326734,0.759075907590759,0.24422442244224424,1.0,0.18811881188118812,0.0,0.21782178217821782,0.0,0.13861386138613863,0.0231023102310231,0.26732673267326734,0.0231023102310231
mountain,0.13539967373572595,0.026101141924959218,0.1370309951060359,0.16150081566068517,0.052202283849918436,0.16150081566068517,0.026101141924959218,0.34910277324632955,0.0,0.4893964110929853,0.24306688417618272,0.16150081566068517,0.2707993474714519,0.34910277324632955,0.2969004893964111,0.5122349102773246,0.0799347471451876,0.48450244698205547,0.0799347471451876,0.732463295269168,0.0799347471451876,1.0,0.2169657422512235,0.48613376835236544,0.21533442088091354,0.732463295269168,0.18923327895595432,0.9771615008156607,0.10929853181076672,0.0,0.16150081566068517,0.0,0.08156606851549755,0.026101141924959218,0.18923327895595432,0.026101141924959218
mountain,0.13213213213213212,0.003003003003003003,0.13213213213213212,0.13363363363363365,0.052552552552552555,0.13363363363363365,0.02702702702702703,0.31681681681681684,0.0,0.4744744744744745,0.23573573573573572,0.13363363363363365,0.26426426426426425,0.3153153153153153,0.2897897897897898,0.4744744744744745,0.07807807807807808,0.44744744744744747,0.10510510510510511,0.7342342342342343,0.1066066066066066,0.996996996996997,0.21021021021021022,0.44744744744744747,0.18618618618618618,0.7357357357357357,0.18468468468468469,1.0,0.1066066066066066,0.0,0.15765765765765766,0.0,0.08108108108108109,0.0015015015015015015,0.18468468468468469,0.0015015015015015015
mountain,0.15472779369627507,0.022922636103151862,0.15472779369627507,0.1518624641833811,0.07736389684813753,0.1518624641833811,0.05157593123209169,0.30945558739255014,0.0,0.48424068767908307,0.23209169054441262,0.15472779369627507,0.25787965616045844,0.332378223495702,0.2808022922636103,0.4871060171919771,0.08022922636103152,0.48424068767908307,0.10315186246418338,0.7478510028653295,0.12893982808022922,1.0,0.2034383954154728,0.4871060171919771,0.1833810888252149,0.7478510028653295,0.15472779369627507,0.9799426934097422,0.12893982808022922,0.0,0.17765042979942694,0.0,0.10315186246418338,0.022922636103151862,0.20630372492836677,0.022922636103151862
mountain,0.23462414578587698,0.029612756264236904,0.23690205011389523,0.15034168564920272,0.1480637813211845,0.15034168564920272,0.0888382687927107,0.32574031890660593,0.0,0.4715261958997722,0.32574031890660593,0.15034168564920272,0.41002277904328016,0.3234624145785877,0.46924829157175396,0.47380410022779046,0.1776765375854214,0.47380410022779046,0.20273348519362186,0.7380410022779044,0.2072892938496583,1.0,0.2984054669703872,0.47380410022779046,0.2938496583143508,0.7380410022779044,0.2642369020501139,1.0,0.2072892938496583,0.002277904328018223,0.2642369020501139,0.0,0.1776765375854214,0.029612756264236904,0.2938496583143508,0.029612756264236904
mountain,0.15789473684210525,0.02631578947368421,0.13596491228070176,0.15789473684210525,0.04824561403508772,0.16228070175438597,0.0,0.32894736842105265,0.017543859649122806,0.4868421052631579,0.2412280701754386,0.15789473684210525,0.2719298245614035,0.32456140350877194,0.2719298245614035,0.4824561403508772,0.07894736842105263,0.4605263157894737,0.07456140350877193,0.7368421052631579,0.05263157894736842,1.0,0.2149122807017544,0.4649122807017544,0.18421052631578946,0.7543859649122807,0.16228070175438597,1.0,0.13157894736842105,0.0043859649122807015,0.17982456140350878,0.0,0.10087719298245613,0.02631578947368421,0.19298245614035087,0.02631578947368421
mountain,0.1323943661971831,0.005633802816901409,0.1323943661971831,0.16056338028169015,0.04788732394366197,0.16056338028169015,0.0,0.3408450704225352,0.0,0.5014084507042254,0.23661971830985915,0.16056338028169015,0.29295774647887324,0.3436619718309859,0.28732394366197184,0.49859154929577465,0.07887323943661972,0.49859154929577465,0.07887323943661972,0.7605633802816901,0.07887323943661972,1.0,0.2112676056338028,0.49859154929577465,0.2140845070422535,0.7633802816901408,0.23380281690140844,1.0,0.10704225352112676,0.0,0.15774647887323945,0.0,0.07887323943661972,0.005633802816901409,0.18591549295774648,0.005633802816901409
mountain,0.26126126126126126,0.0045045045045045045,0.26126126126126126,0.18468468468468469,0.14414414414414414,0.2072072072072072,0.08108108108108109,0.38288288288288286,0.0,0.5315315315315315,0.3783783783783784,0.18018018018018017,0.46846846846846846,0.35135135135135137,0.5540540540540541,0.5,0.17567567567567569,0.5045045045045045,0.1981981981981982,0.7657657657657657,0.2072072072072072,1.0,0.32432432432432434,0.5,0.32432432432432434,0.7702702702702703,0.2972972972972973,1.0,0.23423423423423423,0.0,0.2882882882882883,0.0,0.20270270270270271,0.03153153153153153,0.31981981981981983,0.03153153153153153
mountain,0.19736842105263158,0.021929824561403508,0.19736842105263158,0.17105263157894737,0.10087719298245613,0.17105263157894737,0.05263157894736842,0.33771929824561403,0.0,0.4692982456140351,0.2807017543859649,0.17105263157894737,0.35526315789473684,0.3201754385964912,0.4298245614035088,0.4692982456140351,0.12719298245614036,0.4780701754385965,0.15350877192982457,0.7412280701754386,0.17543859649122806,1.0,0.2543859649122807,0.47368421052631576,0.2543859649122807,0.7412280701754386,0.22807017543859648,1.0,0.17543859649122806,0.0,0.20614035087719298,0.0,0.14912280701754385,0.021929824561403508,0.25,0.021929824561403508
mountain,0.19471947194719472,0.026402640264026403,0.2145214521452145,0.1848184818481848,0.10561056105610561,0.16501650165016502,0.052805280528052806,0.34983498349834985,0.0,0.5115511551155115,0.30033003300330036,0.18811881188118812,0.34983498349834985,0.3564356435643564,0.40594059405940597,0.5148514851485149,0.132013201320132,0.5115511551155115,0.13861386138613863,0.759075907590759,0.16501650165016502,1.0,0.2706270627062706,0.5115511551155115,0.24422442244224424,0.759075907590759,0.21782178217821782,1.0,0.18811881188118812,0.0,0.21782178217821782,0.0,0.15841584158415842,0.0231023102310231,0.26732673267326734,0.0231023102310231
mountain,0.18429003021148035,0.027190332326283987,0.18429003021148035,0.15709969788519637,0.07854984894259819,0.15709969788519637,0.054380664652567974,0.338368580060423,0.0,0.4984894259818731,0.28700906344410876,0.15709969788519637,0.31419939577039274,0.338368580060423,0.38972809667673713,0.4954682779456193,0.1299093655589124,0.4984894259818731,0.1510574018126888,0.7583081570996979,0.15709969788519637,1.0,0.2598187311178248,0.4984894259818731,0.2598187311178248,0.7371601208459214,0.23867069486404835,0.9969788519637462,0.15709969788519637,0.0030211480362537764,0.2084592145015106,0.0,0.1299093655589124,0.02416918429003021,0.23867069486404835,0.02416918429003021
mountain,0.24561403508771928,0.021929824561403508,0.2324561403508772,0.17105263157894737,0.14912280701754385,0.16666666666666666,0.07017543859649122,0.3157894736842105,0.0,0.4692982456140351,0.32894736842105265,0.17105263157894737,0.37280701754385964,0.32456140350877194,0.4298245614035088,0.4692982456140351,0.15350877192982457,0.47368421052631576,0.17982456140350878,0.7456140350877193,0.20175438596491227,1.0,0.2982456140350877,0.4780701754385965,0.27631578947368424,0.7456140350877193,0.2543859649122807,1.0,0.2236842105263158,0.0,0.2543859649122807,0.0,0.19736842105263158,0.021929824561403508,0.2807017543859649,0.02631578947368421
mountain,0.23636363636363636,0.02727272727272727,0.2340909090909091,0.15,0.14545454545454545,0.15,0.08409090909090909,0.325,0.0,0.4727272727272727,0.325,0.15,0.38181818181818183,0.325,0.47045454545454546,0.47045454545454546,0.175,0.4727272727272727,0.17727272727272728,0.7363636363636363,0.20681818181818182,1.0,0.29545454545454547,0.4727272727272727,0.29318181818181815,0.7363636363636363,0.2636363636363636,1.0,0.20681818181818182,0.0,0.2636363636363636,0.0022727272727272726,0.17727272727272728,0.029545454545454545,0.29318181818181815,0.029545454545454545
mountain,0.1286549707602339,0.023391812865497075,0.1286549707602339,0.15497076023391812,0.049707602339181284,0.15789473684210525,0.023391812865497075,0.3391812865497076,0.0,0.49707602339181284,0.20760233918128654,0.15497076023391812,0.23684210526315788,0.3157894736842105,0.28654970760233917,0.47368421052631576,0.07894736842105263,0.49415204678362573,0.1023391812865497,0.7602339181286549,0.1286549707602339,1.0,0.2046783625730994,0.49415204678362573,0.18421052631578946,0.7602339181286549,0.15497076023391812,1.0,0.10526315789473684,0.0,0.15497076023391812,0.0,0.07602339181286549,0.023391812865497075,0.18128654970760233,0.023391812865497075
mountain,0.20634920634920634,0.025396825396825397,0.20952380952380953,0.17777777777777778,0.10476190476190476,0.18095238095238095,0.0761904761904762,0.3396825396825397,0.0,0.49523809523809526,0.3142857142857143,0.15873015873015872,0.3682539682539683,0.33650793650793653,0.4444444444444444,0.46984126984126984,0.15555555555555556,0.49523809523809526,0.15555555555555556,0.7587301587301587,0.18095238095238095,1.0,0.2857142857142857,0.49523809523809526,0.28253968253968254,0.7555555555555555,0.2571428571428571,1.0,0.18412698412698414,0.0,0.23174603174603176,0.0,0.15555555555555556,0.025396825396825397,0.26031746031746034,0.025396825396825397
mountain,0.04771784232365145,0.9253112033195021,0.04564315352697095,0.950207468879668,0.02074688796680498,0.9522821576763485,0.0,1.0,0.25933609958506226,0.475103734439834,0.06846473029045644,0.9481327800829875,0.11825726141078838,1.0,0.09336099585062241,0.9730290456431535,0.35269709543568467,0.4730290456431535,0.35269709543568467,0.6867219917012448,0.32987551867219916,0.8775933609958506,0.470954356846473,0.475103734439834,0.45020746887966806,0.6867219917012448,0.23236514522821577,0.950207468879668,0.04564315352697095,0.9253112033195021,0.06846473029045644,0.9045643153526971,0.02074688796680498,0.9253112033195021,0.4730290456431535,0.022821576763485476
mountain,0.12979351032448377,0.02359882005899705,0.12979351032448377,0.17699115044247787,0.02654867256637168,0.17699115044247787,0.0058997050147492625,0.3333333333333333,0.0,0.48672566371681414,0.2359882005899705,0.17404129793510326,0.25958702064896755,0.3333333333333333,0.2861356932153392,0.49262536873156343,0.07669616519174041,0.48672566371681414,0.10324483775811209,0.7463126843657817,0.10619469026548672,1.0,0.20648967551622419,0.48672566371681414,0.18289085545722714,0.7433628318584071,0.17699115044247787,0.9793510324483776,0.10619469026548672,0.0,0.15339233038348082,0.0,0.07964601769911504,0.02359882005899705,0.18289085545722714,0.02359882005899705
mountain,0.2315270935960591,0.024630541871921183,0.25492610837438423,0.17980295566502463,0.12807881773399016,0.20320197044334976,0.07635467980295567,0.35960591133004927,0.0,0.5123152709359606,0.3583743842364532,0.17980295566502463,0.4088669950738916,0.35960591133004927,0.48645320197044334,0.5123152709359606,0.17980295566502463,0.5110837438423645,0.17980295566502463,0.7684729064039408,0.23029556650246305,1.0,0.3066502463054187,0.5123152709359606,0.3066502463054187,0.7684729064039408,0.28078817733990147,0.9975369458128078,0.229064039408867,0.0,0.2561576354679803,0.0,0.20320197044334976,0.04926108374384237,0.3066502463054187,0.027093596059113302
mountain,0.15813253012048192,0.0030120481927710845,0.1566265060240964,0.13403614457831325,0.05271084337349398,0.13403614457831325,0.025602409638554216,0.31626506024096385,0.0,0.4743975903614458,0.23795180722891565,0.13403614457831325,0.26506024096385544,0.3177710843373494,0.3147590361445783,0.49849397590361444,0.0783132530120482,0.44879518072289154,0.10391566265060241,0.7364457831325302,0.10542168674698796,1.0,0.21084337349397592,0.44879518072289154,0.20933734939759036,0.7364457831325302,0.18373493975903615,1.0,0.13102409638554216,0.0,0.18373493975903615,0.0,0.10542168674698796,0.0030120481927710845,0.20933734939759036,0.0015060240963855422
mountain,0.18514150943396226,0.0023584905660377358,0.15919811320754718,0.1580188679245283,0.054245283018867926,0.15919811320754718,0.027122641509433963,0.3419811320754717,0.0,0.47523584905660377,0.2665094339622642,0.15919811320754718,0.31721698113207547,0.3419811320754717,0.37028301886792453,0.47523584905660377,0.10731132075471699,0.4740566037735849,0.10613207547169812,0.7382075471698113,0.10613207547169812,1.0,0.23820754716981132,0.4740566037735849,0.23820754716981132,0.7382075471698113,0.2134433962264151,0.9764150943396226,0.15919811320754718,0.0,0.2099056603773585,0.0,0.10731132075471699,0.024764150943396228,0.21226415094339623,0.024764150943396228
mountain,0.21475054229934923,0.026030368763557483,0.21475054229934923,0.1648590021691974,0.10629067245119306,0.18655097613882862,0.05422993492407809,0.3774403470715835,0.0,0.5184381778741866,0.3232104121475054,0.1648590021691974,0.351409978308026,0.351409978308026,0.40563991323210413,0.5140997830802603,0.13665943600867678,0.5140997830802603,0.16268980477223427,0.7592190889370932,0.18655097613882862,1.0,0.2950108459869848,0.5140997830802603,0.26898047722342733,0.7592190889370932,0.24295010845986983,1.0,0.18872017353579176,0.0,0.24078091106290672,0.0,0.15835140997830802,0.0021691973969631237,0.26898047722342733,0.0021691973969631237
mountain,0.23057953144266338,0.02466091245376079,0.23057953144266338,0.17879161528976573,0.10357583230579531,0.17879161528976573,0.07644882860665844,0.3588162762022195,0.0,0.5104808877928483,0.33415536374845867,0.18002466091245375,0.38594327990135635,0.3588162762022195,0.4623921085080148,0.5129469790382244,0.15536374845869297,0.4882860665844636,0.17879161528976573,0.7694204685573366,0.2059186189889026,1.0,0.28236744759556104,0.4870530209617756,0.28236744759556104,0.7447595561035758,0.2564734895191122,0.9765721331689272,0.2059186189889026,0.0,0.2564734895191122,0.0,0.17879161528976573,0.025893958076448828,0.28236744759556104,0.025893958076448828
mountain,0.17567567567567569,0.02702702702702703,0.15405405405405406,0.15675675675675677,0.051351351351351354,0.15675675675675677,0.02972972972972973,0.3324324324324324,0.0,0.4864864864864865,0.25675675675675674,0.15675675675675677,0.2810810810810811,0.3324324324324324,0.3054054054054054,0.4891891891891892,0.07837837837837838,0.4837837837837838,0.10270270270270271,0.7405405405405405,0.12702702702702703,1.0,0.20540540540540542,0.4864864864864865,0.20540540540540542,0.7405405405405405,0.1810810810810811,0.9756756756756757,0.15135135135135136,0.002702702702702703,0.1837837837837838,0.0,0.10540540540540541,0.02702702702702703,0.22972972972972974,0.02702702702702703
mountain,0.10933333333333334,0.0026666666666666666,0.10933333333333334,0.18666666666666668,0.0,0.16533333333333333,-1,-1,-1,-1,0.24,0.18933333333333333,0.2693333333333333,0.352,0.32266666666666666,0.5146666666666667,0.02666666666666667,0.48533333333333334,0.024,0.7573333333333333,0.029333333333333333,1.0,0.16266666666666665,0.488,0.16266666666666665,0.7573333333333333,0.10933333333333334,1.0,0.08266666666666667,0.0,0.136,0.0,0.05333333333333334,0.024,0.16266666666666665,0.024
mountain,0.1676829268292683,0.003048780487804878,0.1676829268292683,0.14939024390243902,0.06097560975609756,0.1676829268292683,0.03353658536585366,0.34146341463414637,0.0,0.4847560975609756,0.25609756097560976,0.14634146341463414,0.28353658536585363,0.34146341463414637,0.31402439024390244,0.4847560975609756,0.08841463414634146,0.4847560975609756,0.11585365853658537,0.7408536585365854,0.14329268292682926,1.0,0.22560975609756098,0.4847560975609756,0.20121951219512196,0.7408536585365854,0.20121951219512196,0.9695121951219512,0.14329268292682926,0.0,0.17378048780487804,0.0,0.11280487804878049,0.003048780487804878,0.20121951219512196,0.003048780487804878
mountain,0.12340425531914893,0.023404255319148935,0.5106382978723404,0.9723404255319149,0.4425531914893617,0.9468085106382979,0.027659574468085105,0.3425531914893617,0.46382978723404256,0.997872340425532,0.5404255319148936,0.997872340425532,0.26595744680851063,0.3404255319148936,0.5127659574468085,1.0,0.07446808510638298,0.48723404255319147,0.09787234042553192,0.7042553191489361,0.07659574468085106,0.9,0.19574468085106383,0.48723404255319147,0.19574468085106383,0.7063829787234043,0.22127659574468084,0.9,0.1,0.0,0.14893617021276595,0.0,0.07659574468085106,0.023404255319148935,0.19574468085106383,0.023404255319148935
mountain,0.23492063492063492,0.025396825396825397,0.23492063492063492,0.18095238095238095,0.10793650793650794,0.17777777777777778,0.07936507936507936,0.33650793650793653,0.0,0.46984126984126984,0.3396825396825397,0.18095238095238095,0.3682539682539683,0.3396825396825397,0.44761904761904764,0.4984126984126984,0.15873015873015872,0.49523809523809526,0.18095238095238095,0.7587301587301587,0.1873015873015873,0.9968253968253968,0.28888888888888886,0.49523809523809526,0.28888888888888886,0.7587301587301587,0.2634920634920635,1.0,0.20952380952380953,0.0031746031746031746,0.26031746031746034,0.0,0.18412698412698414,0.025396825396825397,0.28888888888888886,0.025396825396825397
mountain,0.1894934333958724,0.00375234521575985,0.1894934333958724,0.16135084427767354,0.0825515947467167,0.16135084427767354,0.054409005628517824,0.350844277673546,0.0,0.5159474671669794,0.29831144465290804,0.14071294559099437,0.300187617260788,0.32833020637898686,0.3789868667917448,0.5140712945590994,0.10881801125703565,0.4878048780487805,0.13696060037523453,0.7579737335834896,0.16322701688555347,1.0,0.24390243902439024,0.4878048780487805,0.24390243902439024,0.7579737335834896,0.2176360225140713,0.9774859287054409,0.16322701688555347,0.001876172607879925,0.21575984990619138,0.0,0.1350844277673546,0.00375234521575985,0.24390243902439024,0.00375234521575985
mountain,0.1858974358974359,0.022435897435897436,0.1858974358974359,0.18269230769230768,0.08012820512820513,0.18269230769230768,0.04807692307692308,0.34615384615384615,0.0,0.5064102564102564,0.2724358974358974,0.16346153846153846,0.32371794871794873,0.34615384615384615,0.34935897435897434,0.5064102564102564,0.10576923076923077,0.5096153846153846,0.13141025641025642,0.7564102564102564,0.16025641025641027,1.0,0.2467948717948718,0.5096153846153846,0.24358974358974358,0.7532051282051282,0.21794871794871795,0.9967948717948718,0.16025641025641027,0.0,0.21153846153846154,0.019230769230769232,0.13141025641025642,0.022435897435897436,0.2403846153846154,0.022435897435897436
mountain,0.18492343934040048,0.024734982332155476,0.21083627797408716,0.15901060070671377,0.10482921083627797,0.15901060070671377,0.053003533568904596,0.3415783274440518,0.0,0.4734982332155477,0.31566548881036516,0.15901060070671377,0.34275618374558303,0.3415783274440518,0.3945818610129564,0.4758539458186101,0.13191990577149587,0.44876325088339225,0.1330977620730271,0.7373380447585395,0.15783274440518258,0.9752650176678446,0.2626619552414605,0.4723203769140165,0.26383981154299174,0.7373380447585395,0.26501766784452296,1.0,0.18374558303886926,0.0,0.21083627797408716,0.0,0.15783274440518258,0.001177856301531213,0.2626619552414605,0.02591283863368669
mountain,0.20652173913043478,0.02717391304347826,0.21195652173913043,0.15217391304347827,0.10326086956521739,0.15760869565217392,0.07608695652173914,0.3423913043478261,0.0,0.5217391304347826,0.33695652173913043,0.15760869565217392,0.3641304347826087,0.33695652173913043,0.44565217391304346,0.5054347826086957,0.15217391304347827,0.45652173913043476,0.15217391304347827,0.717391304347826,0.1358695652173913,1.0,0.28804347826086957,0.45108695652173914,0.29347826086956524,0.7119565217391305,0.28804347826086957,1.0,0.1793478260869565,0.0,0.22826086956521738,0.0,0.15217391304347827,0.005434782608695652,0.2608695652173913,0.005434782608695652
mountain,0.16346153846153846,0.02564102564102564,0.16346153846153846,0.18269230769230768,0.057692307692307696,0.18269230769230768,0.02564102564102564,0.34615384615384615,0.0,0.5064102564102564,0.2692307692307692,0.18269230769230768,0.32371794871794873,0.34615384615384615,0.34935897435897434,0.5096153846153846,0.08333333333333333,0.5096153846153846,0.10897435897435898,0.7532051282051282,0.13141025641025642,1.0,0.24358974358974358,0.5096153846153846,0.21794871794871795,0.7564102564102564,0.1891025641025641,1.0,0.15705128205128205,0.019230769230769232,0.1891025641025641,0.0,0.10897435897435898,0.022435897435897436,0.21794871794871795,0.022435897435897436
mountain,0.18604651162790697,0.02536997885835095,0.18816067653276955,0.1839323467230444,0.0824524312896406,0.18181818181818182,0.052854122621564484,0.3657505285412262,0.0,0.4989429175475687,0.2938689217758985,0.1839323467230444,0.34249471458773784,0.3678646934460888,0.3953488372093023,0.5221987315010571,0.10993657505285412,0.5010570824524313,0.13530655391120508,0.7610993657505285,0.160676532769556,1.0,0.26215644820295986,0.5010570824524313,0.23890063424947147,0.7610993657505285,0.21141649048625794,0.9978858350951374,0.18181818181818182,0.0,0.2135306553911205,0.0,0.1331923890063425,0.023255813953488372,0.26215644820295986,0.023255813953488372
mountain,0.16352201257861634,0.0031446540880503146,0.14150943396226415,0.14465408805031446,0.05345911949685535,0.14465408805031446,0.02830188679245283,0.33647798742138363,0.0,0.5,0.25157232704402516,0.14465408805031446,0.27672955974842767,0.33647798742138363,0.3050314465408805,0.5,0.08490566037735849,0.449685534591195,0.08490566037735849,0.7484276729559748,0.08490566037735849,0.9748427672955975,0.19811320754716982,0.4716981132075472,0.22012578616352202,0.7484276729559748,0.1949685534591195,1.0,0.13836477987421383,0.0,0.16981132075471697,0.0,0.11006289308176101,0.0031446540880503146,0.19811320754716982,0.0031446540880503146
mountain,0.2914798206278027,0.004484304932735426,0.2914798206278027,0.20179372197309417,0.17488789237668162,0.17937219730941703,0.08520179372197309,0.3542600896860987,0.0,0.5022421524663677,0.4125560538116592,0.2062780269058296,0.47085201793721976,0.3811659192825112,0.5515695067264574,0.5291479820627802,0.22869955156950672,0.4977578475336323,0.22869955156950672,0.7623318385650224,0.2556053811659193,0.9955156950672646,0.3721973094170404,0.4977578475336323,0.3542600896860987,0.7623318385650224,0.3452914798206278,1.0,0.2645739910313901,0.0,0.3183856502242152,0.0,0.23318385650224216,0.03139013452914798,0.34977578475336324,0.03139013452914798
mountain,0.20392156862745098,0.00392156862745098,0.20392156862745098,0.14901960784313725,0.11372549019607843,0.1450980392156863,0.058823529411764705,0.3137254901960784,0.0,0.4549019607843137,0.30980392156862746,0.16470588235294117,0.36470588235294116,0.3137254901960784,0.403921568627451,0.4549019607843137,0.13725490196078433,0.49019607843137253,0.1450980392156863,0.7686274509803922,0.1450980392156863,1.0,0.25882352941176473,0.5098039215686274,0.25882352941176473,0.7725490196078432,0.25882352941176473,1.0,0.19607843137254902,0.0,0.22745098039215686,0.0,0.16862745098039217,0.027450980392156862,0.25882352941176473,0.027450980392156862
mountain,0.22181818181818183,0.02181818181818182,0.22181818181818183,0.15272727272727274,0.09818181818181818,0.15272727272727274,0.05090909090909091,0.32727272727272727,0.0,0.49818181818181817,0.3236363636363636,0.1709090909090909,0.3709090909090909,0.34545454545454546,0.4218181818181818,0.49454545454545457,0.12363636363636364,0.4763636363636364,0.14909090909090908,0.7454545454545455,0.14909090909090908,1.0,0.2727272727272727,0.4763636363636364,0.2727272727272727,0.7236363636363636,0.2545454545454545,1.0,0.19636363636363635,0.0,0.24363636363636362,0.0,0.15272727272727274,0.02181818181818182,0.2727272727272727,0.01818181818181818
mountain,0.1817116060961313,0.0023446658851113715,0.1817116060961313,0.15943728018757328,0.07737397420867527,0.15943728018757328,0.02579132473622509,0.34232121922626024,0.0,0.47596717467760846,0.28604923798358733,0.15943728018757328,0.3141852286049238,0.31887456037514655,0.3388042203985932,0.5005861664712778,0.10433763188745604,0.5017584994138335,0.10316529894490035,0.7631887456037515,0.10316529894490035,1.0,0.23563892145369286,0.5029308323563892,0.23446658851113716,0.7631887456037515,0.20984759671746775,1.0,0.1559202813599062,0.0,0.20750293083235638,0.0,0.12895662368112543,0.02579132473622509,0.23446658851113716,0.026963657678780773
mountain,0.15349369988545247,0.025200458190148912,0.15349369988545247,0.17869415807560138,0.050400916380297825,0.17869415807560138,0.025200458190148912,0.35853379152348225,0.0,0.4879725085910653,0.2554410080183276,0.17869415807560138,0.30584192439862545,0.3333333333333333,0.3321878579610538,0.4868270332187858,0.10194730813287514,0.5131729667812142,0.10194730813287514,0.7686139747995419,0.10309278350515463,1.0,0.2290950744558992,0.5131729667812142,0.2290950744558992,0.7445589919816724,0.23024054982817868,1.0,0.12829324169530354,0.024054982817869417,0.17869415807560138,0.0,0.10194730813287514,0.049255441008018326,0.20504009163802978,0.048109965635738834
mountain,0.19471947194719472,0.026402640264026403,0.19801980198019803,0.1716171617161716,0.08250825082508251,0.1716171617161716,0.056105610561056105,0.3465346534653465,0.0,0.5115511551155115,0.3102310231023102,0.16831683168316833,0.36633663366336633,0.3432343234323432,0.4521452145214521,0.5379537953795379,0.1419141914191419,0.5148514851485149,0.14521452145214522,0.768976897689769,0.1419141914191419,1.0,0.2838283828382838,0.5115511551155115,0.2838283828382838,0.768976897689769,0.3102310231023102,0.9966996699669967,0.16831683168316833,0.0,0.22112211221122113,0.0,0.13861386138613863,0.0033003300330033004,0.25412541254125415,0.0033003300330033004
mountain,0.13008130081300814,0.02710027100271003,0.15176151761517614,0.15718157181571815,0.04878048780487805,0.15718157181571815,0.024390243902439025,0.3333333333333333,0.0,0.4905149051490515,0.25474254742547425,0.15718157181571815,0.2791327913279133,0.3333333333333333,0.3062330623306233,0.4878048780487805,0.0975609756097561,0.4878048780487805,0.10298102981029811,0.7425474254742548,0.12466124661246612,1.0,0.22764227642276422,0.48509485094850946,0.2032520325203252,0.7425474254742548,0.17615176151761516,0.997289972899729,0.12195121951219512,0.0,0.15447154471544716,0.0,0.0975609756097561,0.02710027100271003,0.2005420054200542,0.02710027100271003
mountain,0.16819571865443425,0.027522935779816515,0.16819571865443425,0.16819571865443425,0.0581039755351682,0.16819571865443425,0.05198776758409786,0.3363914373088685,0.0,0.5015290519877675,0.25382262996941896,0.16819571865443425,0.28440366972477066,0.36085626911314983,0.363914373088685,0.5015290519877675,0.08868501529051988,0.4709480122324159,0.11314984709480122,0.7492354740061162,0.14067278287461774,0.9785932721712538,0.22324159021406728,0.4709480122324159,0.22324159021406728,0.72782874617737,0.22324159021406728,1.0,0.14067278287461774,0.0,0.1712538226299694,0.0,0.11314984709480122,0.027522935779816515,0.22324159021406728,0.027522935779816515
mountain,0.21818181818181817,0.02181818181818182,0.21818181818181817,0.15272727272727274,0.09818181818181818,0.1709090909090909,0.05090909090909091,0.3490909090909091,0.0,0.49818181818181817,0.32,0.14909090909090908,0.3709090909090909,0.3236363636363636,0.4218181818181818,0.49818181818181817,0.14545454545454545,0.4763636363636364,0.14909090909090908,0.7272727272727273,0.16727272727272727,0.9963636363636363,0.29454545454545455,0.4763636363636364,0.2727272727272727,0.7236363636363636,0.2727272727272727,1.0,0.19272727272727272,0.0,0.22545454545454546,0.0,0.14909090909090908,0.01818181818181818,0.2690909090909091,0.02181818181818182
mountain,0.2196078431372549,0.00392156862745098,0.2196078431372549,0.14901960784313725,0.11372549019607843,0.14901960784313725,0.054901960784313725,0.3176470588235294,0.0,0.4549019607843137,0.30980392156862746,0.1450980392156863,0.36470588235294116,0.3137254901960784,0.4235294117647059,0.4549019607843137,0.16862745098039217,0.5098039215686274,0.16470588235294117,0.7725490196078432,0.16470588235294117,1.0,0.2823529411764706,0.49019607843137253,0.2784313725490196,0.7725490196078432,0.27450980392156865,1.0,0.19607843137254902,0.0,0.22745098039215686,0.0,0.16470588235294117,0.027450980392156862,0.2549019607843137,0.027450980392156862
mountain,0.1687612208258528,0.026929982046678635,0.16696588868940754,0.16696588868940754,0.05565529622980251,0.16696588868940754,0.026929982046678635,0.3608617594254937,0.0,0.5008976660682226,0.27827648114901254,0.1687612208258528,0.3052064631956912,0.3590664272890485,0.3339317773788151,0.5278276481149012,0.10951526032315978,0.47217235188509876,0.10951526032315978,0.7504488330341114,0.0843806104129264,1.0,0.22262118491921004,0.47217235188509876,0.19569120287253142,0.748653500897666,0.19210053859964094,0.9730700179533214,0.14183123877917414,0.0,0.19569120287253142,0.0,0.11131059245960502,0.02872531418312388,0.22082585278276481,0.026929982046678635
mountain,0.23369565217391305,0.010869565217391304,0.22282608695652173,0.1358695652173913,0.11956521739130435,0.1358695652173913,0.07608695652173914,0.32065217391304346,0.0,0.5,0.33152173913043476,0.15217391304347827,0.34782608695652173,0.3423913043478261,0.41847826086956524,0.5054347826086957,0.15217391304347827,0.45108695652173914,0.15217391304347827,0.7119565217391305,0.15217391304347827,1.0,0.2826086956521739,0.45108695652173914,0.2826086956521739,0.7336956521739131,0.28804347826086957,1.0,0.20652173913043478,0.0,0.2554347826086957,0.0,0.1793478260869565,0.005434782608695652,0.2826086956521739,0.005434782608695652
mountain,0.16300940438871472,0.025078369905956112,0.16300940438871472,0.18808777429467086,0.05329153605015674,0.18808777429467086,0.025078369905956112,0.3793103448275862,0.0,0.5391849529780565,0.26959247648902823,0.18808777429467086,0.31974921630094044,0.3761755485893417,0.3510971786833856,0.5141065830721003,0.10658307210031348,0.5642633228840125,0.109717868338558,0.7836990595611285,0.13479623824451412,1.0,0.2413793103448276,0.5642633228840125,0.21630094043887146,0.7836990595611285,0.18808777429467086,1.0,0.13479623824451412,0.0,0.18808777429467086,0.0,0.10658307210031348,0.025078369905956112,0.219435736677116,0.0219435736677116
mountain,0.15963855421686746,0.024096385542168676,0.1566265060240964,0.18072289156626506,0.05120481927710843,0.18072289156626506,0.02710843373493976,0.3433734939759036,0.0,0.5210843373493976,0.26506024096385544,0.18072289156626506,0.2891566265060241,0.3644578313253012,0.2891566265060241,0.49698795180722893,0.08132530120481928,0.49698795180722893,0.10542168674698796,0.7590361445783133,0.12951807228915663,1.0,0.21385542168674698,0.49698795180722893,0.1897590361445783,0.7590361445783133,0.18373493975903615,1.0,0.13253012048192772,0.0,0.18674698795180722,0.0030120481927710845,0.10542168674698796,0.024096385542168676,0.21385542168674698,0.024096385542168676
mountain,0.1574074074074074,0.021604938271604937,0.16049382716049382,0.16049382716049382,0.05246913580246913,0.16049382716049382,0.027777777777777776,0.3487654320987654,0.0,0.5123456790123457,0.24382716049382716,0.16049382716049382,0.2716049382716049,0.3487654320987654,0.2993827160493827,0.5092592592592593,0.08333333333333333,0.4783950617283951,0.10493827160493827,0.7561728395061729,0.10802469135802469,1.0,0.21604938271604937,0.4783950617283951,0.21604938271604937,0.7561728395061729,0.21604938271604937,0.9783950617283951,0.13271604938271606,0.018518518518518517,0.16358024691358025,0.0,0.10493827160493827,0.021604938271604937,0.19135802469135801,0.021604938271604937
mountain,0.25742574257425743,0.026402640264026403,0.25412541254125415,0.1716171617161716,0.1419141914191419,0.1716171617161716,0.0858085808580858,0.3696369636963696,0.0,0.5379537953795379,0.3696369636963696,0.1716171617161716,0.39603960396039606,0.36633663366336633,0.45544554455445546,0.5346534653465347,0.16831683168316833,0.5115511551155115,0.16831683168316833,0.768976897689769,0.1419141914191419,0.9966996699669967,0.31353135313531355,0.5148514851485149,0.2871287128712871,0.7722772277227723,0.3102310231023102,1.0,0.23102310231023102,0.0,0.2838283828382838,0.0,0.19801980198019803,0.0033003300330033004,0.31353135313531355,0.0033003300330033004
mountain,0.19817073170731708,0.027439024390243903,0.19817073170731708,0.16463414634146342,0.10975609756097561,0.1676829268292683,0.07926829268292683,0.3628048780487805,0.0,0.5,0.3048780487804878,0.16463414634146342,0.32926829268292684,0.3353658536585366,0.3628048780487805,0.5,0.1402439024390244,0.4725609756097561,0.13719512195121952,0.7225609756097561,0.1402439024390244,0.9786585365853658,0.2530487804878049,0.4725609756097561,0.25,0.725609756097561,0.2225609756097561,1.0,0.19207317073170732,0.0,0.2225609756097561,0.0,0.16463414634146342,0.027439024390243903,0.2530487804878049,0.027439024390243903
mountain,0.18085106382978725,0.0070921985815602835,0.18085106382978725,0.1524822695035461,0.08865248226950355,0.1524822695035461,0.031914893617021274,0.3333333333333333,0.0,0.5106382978723404,0.2730496453900709,0.1524822695035461,0.30141843971631205,0.3333333333333333,0.3333333333333333,0.5106382978723404,0.09219858156028368,0.48226950354609927,0.09219858156028368,0.7304964539007093,0.09219858156028368,0.9964539007092199,0.24113475177304963,0.4858156028368794,0.24113475177304963,0.7304964539007093,0.2375886524822695,1.0,0.1524822695035461,0.0,0.20567375886524822,0.0,0.12056737588652482,0.0070921985815602835,0.2375886524822695,0.0070921985815602835
mountain,0.25986078886310904,0.027842227378190254,0.23201856148491878,0.1716937354988399,0.11832946635730858,0.1716937354988399,0.060324825986078884,0.37122969837587005,0.0,0.54292343387471,0.3480278422273782,0.1716937354988399,0.37819025522041766,0.37122969837587005,0.4593967517401392,0.5452436194895591,0.14849187935034802,0.5150812064965197,0.14849187935034802,0.7726218097447796,0.17865429234338748,1.0,0.31554524361948955,0.5150812064965197,0.2900232018561485,0.7726218097447796,0.2877030162412993,0.9721577726218097,0.23201856148491878,0.0,0.2877030162412993,0.0,0.17633410672853828,0.027842227378190254,0.2923433874709977,0.027842227378190254
mountain,0.18028169014084508,0.005633802816901409,0.18028169014084508,0.16056338028169015,0.07605633802816901,0.16056338028169015,0.0,0.3436619718309859,0.02535211267605634,0.49859154929577465,0.2619718309859155,0.16056338028169015,0.3352112676056338,0.3408450704225352,0.3154929577464789,0.5014084507042254,0.10140845070422536,0.476056338028169,0.10140845070422536,0.7605633802816901,0.07887323943661972,0.9971830985915493,0.23380281690140844,0.4788732394366197,0.23380281690140844,0.7605633802816901,0.23380281690140844,1.0,0.15492957746478872,0.0,0.2056338028169014,0.0028169014084507044,0.1267605633802817,0.0028169014084507044,0.23380281690140844,0.005633802816901409
mountain,0.14551083591331268,0.02786377708978328,0.17027863777089783,0.17027863777089783,0.058823529411764705,0.17027863777089783,0.030959752321981424,0.34365325077399383,0.0,0.4891640866873065,0.26006191950464397,0.17027863777089783,0.28792569659442724,0.34055727554179566,0.3157894736842105,0.48297213622291024,0.08978328173374613,0.4891640866873065,0.08668730650154799,0.7430340557275542,0.0804953560371517,1.0,0.22910216718266255,0.4891640866873065,0.22910216718266255,0.739938080495356,0.25696594427244585,1.0,0.1393188854489164,0.0,0.17337461300309598,0.0,0.11455108359133127,0.030959752321981424,0.20123839009287925,0.02786377708978328
mountain,0.18808777429467086,0.025078369905956112,0.18808777429467086,0.18808777429467086,0.08150470219435736,0.18808777429467086,0.050156739811912224,0.3761755485893417,0.0,0.5172413793103449,0.29780564263322884,0.18808777429467086,0.32601880877742945,0.3761755485893417,0.3510971786833856,0.5391849529780565,0.109717868338558,0.542319749216301,0.13479623824451412,0.7836990595611285,0.16300940438871472,1.0,0.2445141065830721,0.5611285266457681,0.2445141065830721,0.7836990595611285,0.21630094043887146,1.0,0.16300940438871472,0.0,0.21630094043887146,0.0,0.13166144200626959,0.0219435736677116,0.2476489028213166,0.025078369905956112
mountain,0.13215859030837004,0.02643171806167401,0.15418502202643172,0.15859030837004406,0.048458149779735685,0.15859030837004406,0.0,0.32599118942731276,0.022026431718061675,0.4845814977973568,0.2422907488986784,0.16299559471365638,0.2907488986784141,0.3524229074889868,0.27312775330396477,0.4933920704845815,0.07488986784140969,0.4669603524229075,0.10572687224669604,0.73568281938326,0.12334801762114538,0.9823788546255506,0.21145374449339208,0.46255506607929514,0.21585903083700442,0.73568281938326,0.23348017621145375,1.0,0.10572687224669604,0.004405286343612335,0.15859030837004406,0.0,0.07929515418502203,0.02643171806167401,0.20704845814977973,0.02643171806167401
mountain,0.16123778501628663,0.026058631921824105,0.16123778501628663,0.16123778501628663,0.05374592833876222,0.16123778501628663,0.026058631921824105,0.3485342019543974,0.0,0.511400651465798,0.24429967426710097,0.16286644951140064,0.2719869706840391,0.3501628664495114,0.2964169381107492,0.48859934853420195,0.08143322475570032,0.48534201954397393,0.08143322475570032,0.7312703583061889,0.10586319218241043,1.0,0.21661237785016288,0.48697068403908794,0.2182410423452769,0.755700325732899,0.21661237785016288,0.9755700325732899,0.13517915309446255,0.0,0.18729641693811075,0.0,0.10749185667752444,0.026058631921824105,0.21498371335504887,0.026058631921824105
mountain,0.2052505966587112,0.028639618138424822,0.23389021479713604,0.1766109785202864,0.11694510739856802,0.1766109785202864,0.059665871121718374,0.3818615751789976,0.0,0.5584725536992841,0.35083532219570407,0.17422434367541767,0.4081145584725537,0.3818615751789976,0.47255369928400953,0.5584725536992841,0.14558472553699284,0.5560859188544153,0.14558472553699284,0.7947494033412887,0.1431980906921241,1.0,0.2935560859188544,0.5560859188544153,0.2935560859188544,0.7947494033412887,0.26252983293556087,1.0,0.20047732696897375,0.0,0.23389021479713604,0.0,0.1718377088305489,0.028639618138424822,0.28878281622911695,0.028639618138424822
mountain,0.16911764705882354,0.027573529411764705,0.17095588235294118,0.17095588235294118,0.05698529411764706,0.17095588235294118,0.029411764705882353,0.34375,0.0,0.5404411764705882,0.2849264705882353,0.17095588235294118,0.31433823529411764,0.34375,0.34191176470588236,0.5128676470588235,0.11397058823529412,0.4834558823529412,0.14154411764705882,0.7408088235294118,0.14338235294117646,0.9963235294117647,0.22794117647058823,0.4834558823529412,0.22794117647058823,0.7665441176470589,0.2536764705882353,1.0,0.14154411764705882,0.0,0.19669117647058823,0.0,0.11397058823529412,0.027573529411764705,0.22794117647058823,0.027573529411764705
mountain,0.20474777448071216,0.02373887240356083,0.20474777448071216,0.1513353115727003,0.10089020771513353,0.1513353115727003,0.07418397626112759,0.3293768545994065,0.0,0.4836795252225519,0.3056379821958457,0.1543026706231454,0.3323442136498516,0.3293768545994065,0.3827893175074184,0.4836795252225519,0.1513353115727003,0.4836795252225519,0.1543026706231454,0.7181008902077152,0.17804154302670624,1.0,0.2789317507418398,0.4836795252225519,0.2789317507418398,0.7181008902077152,0.2551928783382789,0.973293768545994,0.17804154302670624,0.0,0.228486646884273,0.0,0.1513353115727003,0.020771513353115726,0.2551928783382789,0.020771513353115726
mountain,0.17027863777089783,0.02786377708978328,0.14860681114551083,0.17027863777089783,0.05572755417956656,0.17027863777089783,0.02786377708978328,0.34365325077399383,0.0,0.48606811145510836,0.25696594427244585,0.17027863777089783,0.2848297213622291,0.34365325077399383,0.3157894736842105,0.48606811145510836,0.08359133126934984,0.4891640866873065,0.08359133126934984,0.7430340557275542,0.058823529411764705,1.0,0.2043343653250774,0.5108359133126935,0.22910216718266255,0.7430340557275542,0.25386996904024767,1.0,0.14241486068111456,0.0,0.17337461300309598,0.0,0.11455108359133127,0.02786377708978328,0.20123839009287925,0.030959752321981424
mountain,0.1807909604519774,0.025423728813559324,0.17796610169491525,0.1807909604519774,0.07627118644067797,0.1807909604519774,0.05084745762711865,0.3644067796610169,0.0,0.5254237288135594,0.2598870056497175,0.1807909604519774,0.288135593220339,0.3644067796610169,0.3418079096045198,0.5225988700564972,0.10451977401129943,0.4971751412429379,0.12994350282485875,0.7598870056497176,0.12994350282485875,1.0,0.2344632768361582,0.5,0.2344632768361582,0.7627118644067796,0.211864406779661,1.0,0.1553672316384181,0.0,0.1864406779661017,0.0,0.1271186440677966,0.022598870056497175,0.211864406779661,0.022598870056497175
mountain,0.18875502008032127,0.028112449799196786,0.18875502008032127,0.1646586345381526,0.08032128514056225,0.1646586345381526,0.04819277108433735,0.3293172690763052,0.0,0.4899598393574297,0.2971887550200803,0.1646586345381526,0.3493975903614458,0.3293172690763052,0.37349397590361444,0.4899598393574297,0.10843373493975904,0.4899598393574297,0.13253012048192772,0.7550200803212851,0.1606425702811245,1.0,0.26907630522088355,0.4899598393574297,0.24497991967871485,0.7550200803212851,0.24096385542168675,1.0,0.1606425702811245,0.004016064257028112,0.21285140562248997,0.0,0.13253012048192772,0.024096385542168676,0.24497991967871485,0.028112449799196786
mountain,0.2073170731707317,0.03414634146341464,0.17560975609756097,0.17073170731707318,0.07073170731707316,0.17073170731707318,0.03902439024390244,0.3439024390243902,0.0,0.5146341463414634,0.2804878048780488,0.17073170731707318,0.3146341463414634,0.3439024390243902,0.3804878048780488,0.4853658536585366,0.1073170731707317,0.44878048780487806,0.13658536585365855,0.7560975609756098,0.13902439024390245,1.0,0.24390243902439024,0.47804878048780486,0.24146341463414633,0.7560975609756098,0.2073170731707317,1.0,0.17317073170731706,0.0,0.2097560975609756,0.0,0.13902439024390245,0.03414634146341464,0.24390243902439024,0.03170731707317073
mountain,0.1794871794871795,0.03333333333333333,0.1794871794871795,0.17692307692307693,0.07179487179487179,0.17692307692307693,0.035897435897435895,0.3564102564102564,0.0,0.5,0.28717948717948716,0.17692307692307693,0.32051282051282054,0.3564102564102564,0.3230769230769231,0.5307692307692308,0.1076923076923077,0.5307692307692308,0.10512820512820513,0.782051282051282,0.10512820512820513,1.0,0.24871794871794872,0.5333333333333333,0.24871794871794872,0.782051282051282,0.24615384615384617,1.0,0.17692307692307693,0.0,0.2153846153846154,0.0,0.14102564102564102,0.03333333333333333,0.24871794871794872,0.03333333333333333
mountain,0.1773049645390071,0.026004728132387706,0.20094562647754138,0.19858156028368795,0.09929078014184398,0.19858156028368795,0.05200945626477541,0.3735224586288416,0.0,0.5035460992907801,0.30260047281323876,0.19858156028368795,0.35224586288416077,0.3735224586288416,0.39952718676122934,0.524822695035461,0.12529550827423167,0.5508274231678487,0.10401891252955082,0.7990543735224587,0.12529550827423167,0.9787234042553191,0.2765957446808511,0.5508274231678487,0.2765957446808511,0.7801418439716312,0.2765957446808511,1.0,0.15130023640661938,0.002364066193853428,0.20094562647754138,0.0,0.14893617021276595,0.04728132387706856,0.25059101654846333,0.028368794326241134
mountain,0.21333333333333335,0.024,0.21333333333333335,0.16266666666666665,0.104,0.18666666666666668,0.05333333333333334,0.352,0.0,0.512,0.32266666666666666,0.16266666666666665,-1,-1,-1,-1,0.16,0.48533333333333334,0.16,0.7546666666666667,0.192,1.0,0.296,0.48533333333333334,0.296,0.7546666666666667,0.2906666666666667,1.0,0.18666666666666668,0.0,0.24,0.0,0.16,0.02666666666666667,0.26666666666666666,0.02666666666666667
mountain,0.13930348258706468,0.03233830845771144,0.13930348258706468,0.17164179104477612,0.03482587064676617,0.17164179104477612,0.0024875621890547263,0.34577114427860695,0.0,0.48507462686567165,0.24378109452736318,0.17164179104477612,0.27860696517412936,0.34577114427860695,0.31343283582089554,0.48507462686567165,0.07213930348258707,0.5149253731343284,0.07213930348258707,0.7562189054726368,0.07213930348258707,0.9975124378109452,0.208955223880597,0.48756218905472637,0.208955223880597,0.7587064676616916,0.21144278606965175,1.0,0.1044776119402985,0.0,0.1417910447761194,0.0,0.07213930348258707,0.03233830845771144,0.17661691542288557,0.03233830845771144
mountain,0.20243902439024392,0.0024390243902439024,0.20243902439024392,0.14390243902439023,0.0975609756097561,0.14390243902439023,0.06585365853658537,0.3439024390243902,0.0,0.48292682926829267,0.3073170731707317,0.14146341463414633,0.34146341463414637,0.3439024390243902,0.4073170731707317,0.4853658536585366,0.13414634146341464,0.45121951219512196,0.16829268292682928,0.7268292682926829,0.17073170731707318,1.0,0.2731707317073171,0.45121951219512196,0.2707317073170732,0.7268292682926829,0.23902439024390243,1.0,0.16829268292682928,0.0,0.2048780487804878,0.0,0.13414634146341464,0.0024390243902439024,0.24146341463414633,0.0024390243902439024
mountain,0.19480519480519481,0.025974025974025976,0.19480519480519481,0.16883116883116883,0.08658008658008658,0.16883116883116883,0.05627705627705628,0.3593073593073593,0.0,0.5021645021645021,0.30735930735930733,0.16883116883116883,0.354978354978355,0.3593073593073593,0.38961038961038963,0.5238095238095238,0.13852813852813853,0.5021645021645021,0.13852813852813853,0.7575757575757576,0.13852813852813853,0.974025974025974,0.2727272727272727,0.5064935064935064,0.2510822510822511,0.7748917748917749,0.27705627705627706,1.0,0.16883116883116883,0.0,0.22077922077922077,0.0,0.14285714285714285,0.025974025974025976,0.2510822510822511,0.008658008658008658
mountain,0.18473895582329317,0.024096385542168676,0.18473895582329317,0.1646586345381526,0.07630522088353414,0.1646586345381526,0.024096385542168676,0.3493975903614458,0.0,0.4899598393574297,0.2931726907630522,0.1646586345381526,0.3453815261044177,0.3293172690763052,0.3534136546184739,0.4899598393574297,0.10441767068273092,0.4899598393574297,0.13253012048192772,0.7550200803212851,0.13253012048192772,1.0,0.26506024096385544,0.4899598393574297,0.24096385542168675,0.7550200803212851,0.1927710843373494,1.0,0.1606425702811245,0.0,0.21285140562248997,0.0,0.1285140562248996,0.028112449799196786,0.24096385542168675,0.028112449799196786
mountain,0.15469613259668508,0.024861878453038673,0.17679558011049723,0.17679558011049723,0.07734806629834254,0.17403314917127072,0.049723756906077346,0.356353591160221,0.0,0.511049723756906,0.2569060773480663,0.17679558011049723,0.281767955801105,0.356353591160221,0.3314917127071823,0.5138121546961326,0.10220994475138122,0.46408839779005523,0.10220994475138122,0.7430939226519337,0.12430939226519337,1.0,0.2292817679558011,0.4861878453038674,0.20718232044198895,0.7458563535911602,0.20441988950276244,0.9806629834254144,0.15193370165745856,0.0,0.17955801104972377,0.0,0.12430939226519337,0.022099447513812154,0.20994475138121546,0.024861878453038673
mountain,0.21200387221684414,0.02904162633107454,0.21200387221684414,0.18102613746369797,0.0909970958373669,0.15295256534365925,0.060019361084220714,0.3339787028073572,0.0,0.4849951597289448,0.33204259438528555,0.18102613746369797,0.3330106485963214,0.36302032913843174,0.39303000968054214,0.5150048402710552,0.12100677637947725,0.5169409486931268,0.1510164569215876,0.7579864472410455,0.18102613746369797,1.0,0.27299128751210067,0.5440464666021297,0.27202323330106487,0.7579864472410455,0.2420135527589545,1.0,0.1819941916747338,0.0,0.24104549854791868,0.0,0.1510164569215876,0.000968054211035818,0.27202323330106487,0.000968054211035818
mountain,0.170625,0.028125,0.17125,0.143125,0.084375,0.14375,0.05625,0.314375,0.0,0.48625,0.2575,0.143125,0.285625,0.314375,0.31375,0.485625,0.113125,0.456875,0.1425,0.7425,0.1425,0.999375,0.228125,0.456875,0.2,0.7425,0.199375,1.0,0.1425,0.0,0.199375,0.0,0.114375,0.028125,0.2275,0.028125
mountain,0.26877470355731226,0.03162055335968379,0.24110671936758893,0.233201581027668,0.13043478260869565,0.20553359683794467,0.05928853754940711,0.43478260869565216,0.0,0.6363636363636364,0.3715415019762846,0.233201581027668,0.43478260869565216,0.43873517786561267,0.43478260869565216,0.6679841897233202,0.16600790513833993,0.6403162055335968,0.13043478260869565,1.0,-1,-1,0.3359683794466403,0.6403162055335968,-1,-1,-1,-1,0.233201581027668,0.0,0.30039525691699603,0.003952569169960474,0.1976284584980237,0.03557312252964427,0.3359683794466403,0.03557312252964427
mountain,0.21271393643031786,0.004889975550122249,0.18581907090464547,0.15403422982885084,0.09046454767726161,0.15403422982885084,0.061124694376528114,0.33496332518337407,0.0,0.4889975550122249,0.30317848410757947,0.15403422982885084,0.33496332518337407,0.33251833740831294,0.39364303178484106,0.48655256723716384,0.12224938875305623,0.4547677261613692,0.12469437652811736,0.7286063569682152,0.15158924205378974,1.0,0.2713936430317848,0.4572127139364303,0.24449877750611246,0.7286063569682152,0.21271393643031786,1.0,0.18092909535452323,0.0,0.2176039119804401,0.0,0.15158924205378974,0.004889975550122249,0.26894865525672373,0.0024449877750611247
mountain,0.18309859154929578,0.02535211267605634,0.18309859154929578,0.15774647887323945,0.07887323943661972,0.15774647887323945,0.030985915492957747,0.3408450704225352,0.0,0.523943661971831,0.2676056338028169,0.15774647887323945,0.3154929577464789,0.3408450704225352,0.36901408450704226,0.523943661971831,0.10985915492957747,0.4732394366197183,0.1267605633802817,0.7605633802816901,0.1295774647887324,1.0,0.2619718309859155,0.4732394366197183,0.23661971830985915,0.7605633802816901,0.23661971830985915,1.0,0.15774647887323945,0.0,0.2084507042253521,0.0,0.1323943661971831,0.02535211267605634,0.23661971830985915,0.02535211267605634
mountain,0.25882352941176473,0.023529411764705882,0.25882352941176473,0.18235294117647058,0.15294117647058825,0.18235294117647058,0.09705882352941177,0.36764705882352944,0.0,0.5,0.34411764705882353,0.18235294117647058,0.3911764705882353,0.36470588235294116,0.4676470588235294,0.49411764705882355,0.17941176470588235,0.5470588235294118,0.17941176470588235,0.788235294117647,0.1588235294117647,1.0,0.31176470588235294,0.5264705882352941,0.3382352941176471,0.7852941176470588,0.3382352941176471,0.9970588235294118,0.2323529411764706,0.0,0.2823529411764706,0.0,0.20294117647058824,0.026470588235294117,0.3088235294117647,0.026470588235294117
mountain,0.23557692307692307,0.019230769230769232,0.21634615384615385,0.15865384615384615,0.12980769230769232,0.17307692307692307,0.07692307692307693,0.34134615384615385,0.0,0.4951923076923077,0.32211538461538464,0.15865384615384615,0.375,0.3317307692307692,0.4519230769230769,0.47596153846153844,0.16346153846153846,0.46634615384615385,0.18269230769230768,0.7355769230769231,0.19230769230769232,1.0,0.2932692307692308,0.46634615384615385,0.2692307692307692,0.7355769230769231,0.25961538461538464,0.9951923076923077,0.21153846153846154,0.014423076923076924,0.24519230769230768,0.0,0.18269230769230768,0.02403846153846154,0.27403846153846156,0.02403846153846154
mountain,0.1939655172413793,0.021551724137931036,0.1939655172413793,0.16810344827586207,0.08189655172413793,0.16810344827586207,0.05172413793103448,0.3577586206896552,0.0,0.5258620689655172,0.3017241379310345,0.16810344827586207,0.33189655172413796,0.34051724137931033,0.3879310344827586,0.5,0.11206896551724138,0.5,0.13793103448275862,0.771551724137931,0.11206896551724138,1.0,0.25,0.5,0.25,0.7672413793103449,0.25,0.9956896551724138,0.16810344827586207,0.0,0.21982758620689655,0.0,0.13793103448275862,0.008620689655172414,0.24568965517241378,0.02586206896551724
mountain,0.21148825065274152,0.02610966057441253,0.21018276762402088,0.18407310704960836,0.10443864229765012,0.18276762402088773,0.05352480417754569,0.3433420365535248,0.0,0.5,0.31592689295039167,0.18407310704960836,0.34203655352480417,0.3433420365535248,0.39556135770234985,0.5013054830287206,0.10835509138381201,0.5261096605744126,0.13315926892950392,0.737597911227154,0.15796344647519583,1.0,0.23890339425587467,0.5261096605744126,0.23759791122715404,0.762402088772846,0.21279373368146215,0.9751958224543081,0.185378590078329,0.0,0.23759791122715404,0.0013054830287206266,0.15926892950391644,0.02610966057441253,0.26370757180156656,0.02741514360313316
mountain,0.1971326164874552,0.03225806451612903,0.1971326164874552,0.16845878136200718,0.0967741935483871,0.16845878136200718,0.035842293906810034,0.3655913978494624,0.0,0.5304659498207885,0.3010752688172043,0.16487455197132617,0.36200716845878134,0.3333333333333333,0.4014336917562724,0.5017921146953405,0.13261648745519714,0.4982078853046595,0.16129032258064516,0.7634408602150538,0.16487455197132617,0.996415770609319,0.26523297491039427,0.4982078853046595,0.26523297491039427,0.7634408602150538,0.23297491039426524,1.0,0.16487455197132617,0.0,0.2007168458781362,0.0,0.13261648745519714,0.03225806451612903,0.23297491039426524,0.02867383512544803
mountain,0.15092165898617513,0.002304147465437788,0.15092165898617513,0.173963133640553,0.04953917050691244,0.15207373271889402,0.002304147465437788,0.326036866359447,0.0,0.47465437788018433,0.2511520737327189,0.173963133640553,0.2764976958525346,0.326036866359447,0.2995391705069124,0.4769585253456221,0.07603686635944701,0.5,0.07603686635944701,0.7488479262672811,0.0748847926267281,0.9769585253456221,0.20161290322580644,0.5,0.20046082949308755,0.7258064516129032,0.20046082949308755,1.0,0.12557603686635946,0.0,0.17511520737327188,0.0,0.10023041474654378,0.02534562211981567,0.20046082949308755,0.02534562211981567
mountain,0.18859649122807018,0.03508771929824561,0.19736842105263158,0.2543859649122807,0.07456140350877193,0.25877192982456143,0.0043859649122807015,0.4868421052631579,0.0,0.7105263157894737,0.34210526315789475,0.22807017543859648,0.4166666666666667,0.44298245614035087,0.4868421052631579,0.7017543859649122,0.11842105263157894,0.6666666666666666,0.11842105263157894,1.0,-1,-1,0.3026315789473684,0.6666666666666666,0.3026315789473684,0.9692982456140351,-1,-1,0.15350877192982457,0.0043859649122807015,0.2236842105263158,0.0,0.11403508771929824,0.039473684210526314,0.2675438596491228,0.06578947368421052
mountain,0.20430107526881722,0.03225806451612903,0.20430107526881722,0.16487455197132617,0.1039426523297491,0.16487455197132617,0.03942652329749104,0.33691756272401435,0.0,0.5017921146953405,0.30824372759856633,0.16845878136200718,0.3655913978494624,0.3655913978494624,0.4014336917562724,0.5304659498207885,0.13620071684587814,0.4982078853046595,0.13620071684587814,0.7598566308243727,0.16845878136200718,1.0,0.26881720430107525,0.4982078853046595,0.26523297491039427,0.7347670250896058,0.23655913978494625,1.0,0.2007168458781362,0.0,0.23655913978494625,0.0,0.16845878136200718,0.02867383512544803,0.26881720430107525,0.03225806451612903
mountain,0.18250950570342206,0.022813688212927757,0.18250950570342206,0.17870722433460076,0.07984790874524715,0.17490494296577946,0.030418250950570342,0.33460076045627374,0.0,0.49049429657794674,0.28517110266159695,0.17870722433460076,0.33840304182509506,0.33460076045627374,0.3840304182509506,0.5133079847908745,0.10646387832699619,0.49049429657794674,0.13307984790874525,0.7490494296577946,0.155893536121673,1.0,0.25475285171102663,0.49049429657794674,0.23193916349809887,0.7490494296577946,0.22813688212927757,0.9847908745247148,0.155893536121673,0.0,0.20532319391634982,0.0,0.12927756653992395,0.022813688212927757,0.23574144486692014,0.022813688212927757
mountain,0.18627450980392157,0.026143790849673203,0.1830065359477124,0.1111111111111111,0.05555555555555555,0.10784313725490197,0.026143790849673203,0.2973856209150327,0.0,0.48366013071895425,0.29411764705882354,0.1111111111111111,0.3235294117647059,0.2973856209150327,0.3758169934640523,0.48366013071895425,0.10784313725490197,0.46078431372549017,0.16013071895424835,0.7320261437908496,0.16339869281045752,1.0,0.2647058823529412,0.46078431372549017,0.24183006535947713,0.7320261437908496,0.21568627450980393,1.0,0.16013071895424835,0.0,0.1895424836601307,0.0,0.1111111111111111,0.0,0.21895424836601307,0.0
mountain,0.19806763285024154,0.004830917874396135,0.2028985507246377,0.1642512077294686,0.10628019323671498,0.1642512077294686,0.06763285024154589,0.3333333333333333,0.0,0.4975845410628019,0.2995169082125604,0.16908212560386474,0.3671497584541063,0.33816425120772947,0.42995169082125606,0.4975845410628019,0.13526570048309178,0.463768115942029,0.1642512077294686,0.7342995169082126,0.1932367149758454,1.0,0.26570048309178745,0.463768115942029,0.26570048309178745,0.7342995169082126,0.2318840579710145,1.0,0.17391304347826086,0.0,0.2318840579710145,0.0,0.1642512077294686,0.00966183574879227,0.26570048309178745,0.00966183574879227
mountain,0.21238938053097345,0.02359882005899705,0.2153392330383481,0.18289085545722714,0.12979351032448377,0.18289085545722714,0.07964601769911504,0.3687315634218289,0.0,0.5014749262536873,0.3185840707964602,0.18289085545722714,0.37168141592920356,0.36578171091445427,0.45132743362831856,0.49557522123893805,0.1592920353982301,0.551622418879056,0.1592920353982301,0.7876106194690266,0.13274336283185842,1.0,0.2920353982300885,0.5309734513274337,0.31563421828908556,0.7846607669616519,0.2949852507374631,1.0,0.20648967551622419,0.0,0.23893805309734514,0.0,0.16224188790560473,0.02654867256637168,0.26843657817109146,0.02654867256637168
mountain,0.14861751152073732,0.024193548387096774,0.14861751152073732,0.15207373271889402,0.04838709677419355,0.15207373271889402,0.02304147465437788,0.3271889400921659,0.0,0.4769585253456221,0.2488479262672811,0.15092165898617513,0.29838709677419356,0.3248847926267281,0.3225806451612903,0.47580645161290325,0.097926267281106,0.5,0.09907834101382489,0.7488479262672811,0.09907834101382489,1.0,0.22350230414746544,0.5,0.22350230414746544,0.7269585253456221,0.22465437788018433,0.9769585253456221,0.12442396313364056,0.0,0.173963133640553,0.0,0.09907834101382489,0.02534562211981567,0.19930875576036866,0.02534562211981567
mountain,0.15714285714285714,0.02857142857142857,0.15714285714285714,0.18571428571428572,0.06190476190476191,0.18095238095238095,0.03333333333333333,0.319047619047619,0.0,0.4714285714285714,0.2523809523809524,0.18571428571428572,0.3047619047619048,0.34285714285714286,0.34285714285714286,0.49523809523809526,0.09523809523809523,0.5,0.12380952380952381,0.7523809523809524,0.15714285714285714,1.0,0.21904761904761905,0.5,0.21428571428571427,0.7476190476190476,0.19047619047619047,1.0,0.1523809523809524,0.0,0.18571428571428572,0.0,0.12380952380952381,0.03333333333333333,0.21904761904761905,0.03333333333333333
mountain,0.18571428571428572,0.02857142857142857,0.18571428571428572,0.18571428571428572,0.09047619047619047,0.18571428571428572,0.05714285714285714,0.3380952380952381,0.0,0.49523809523809526,0.28095238095238095,0.1619047619047619,0.30952380952380953,0.319047619047619,0.34285714285714286,0.4714285714285714,0.12380952380952381,0.5,0.12857142857142856,0.7523809523809524,0.1523809523809524,0.9952380952380953,0.24761904761904763,0.5,0.21904761904761905,0.7523809523809524,0.19047619047619047,1.0,0.15714285714285714,0.0,0.19047619047619047,0.0,0.12380952380952381,0.03333333333333333,0.21904761904761905,0.03333333333333333
mountain,0.1819941916747338,0.001936108422071636,0.1819941916747338,0.15295256534365925,0.06098741529525654,0.15295256534365925,0.060019361084220714,0.33494675701839305,0.0,0.515972894482091,0.30300096805421106,0.15295256534365925,0.3330106485963214,0.33494675701839305,0.3649564375605034,0.48596321393998065,0.12003872216844143,0.515972894482091,0.12100677637947725,0.7589545014520813,0.1510164569215876,0.9719264278799613,0.24394966118102615,0.515972894482091,0.24298160696999033,0.7589545014520813,0.21200387221684414,1.0,0.15198451113262343,0.0,0.2110358180058083,0.0,0.12100677637947725,0.000968054211035818,0.2420135527589545,0.000968054211035818
mountain,0.2318840579710145,0.004830917874396135,0.22705314009661837,0.16908212560386474,0.13043478260869565,0.16908212560386474,0.06763285024154589,0.33816425120772947,0.0,0.4975845410628019,0.32367149758454106,0.1642512077294686,0.36231884057971014,0.3333333333333333,0.42995169082125606,0.47342995169082125,0.1642512077294686,0.46859903381642515,0.1642512077294686,0.7391304347826086,0.1932367149758454,1.0,0.2946859903381642,0.46859903381642515,0.26570048309178745,0.7391304347826086,0.23671497584541062,1.0,0.19806763285024154,0.0,0.2560386473429952,0.0,0.1642512077294686,0.00966183574879227,0.26570048309178745,0.00966183574879227
mountain,0.1895424836601307,0.029411764705882353,0.1895424836601307,0.10784313725490197,0.0784313725490196,0.10784313725490197,0.049019607843137254,0.2973856209150327,0.0,0.48366013071895425,0.3202614379084967,0.1111111111111111,0.3464052287581699,0.2973856209150327,0.37254901960784315,0.46405228758169936,0.10784313725490197,0.46078431372549017,0.13071895424836602,0.7287581699346405,0.1568627450980392,0.9967320261437909,0.2647058823529412,0.46405228758169936,0.21568627450980393,0.7287581699346405,0.20915032679738563,1.0,0.1830065359477124,0.0032679738562091504,0.21241830065359477,0.0032679738562091504,0.13725490196078433,0.0,0.26143790849673204,0.0032679738562091504
